[{"qProperty":{"qInfo":{"qId":"RMuPdD","qType":"masterobject"},"qMetaDef":{"title":"drops","description":"","tags":["KPI","List"]},"qChildListDef":{"qData":{"info":"/qInfo"}},"showTitles":false,"title":"","subtitle":"","footnote":"","visualization":"filterpane","masterVersion":0.96},"qChildren":[{"qProperty":{"qInfo":{"qId":"a254fd2e-9a7a-43ce-9f43-c33bb1060c3a","qType":"listbox"},"qMetaDef":{},"qListObjectDef":{"qLibraryId":"RBBKJP","qDef":{"qGrouping":"N","qFieldDefs":["Case Owner Group"],"qFieldLabels":["Department"],"qSortCriterias":[{"qSortByState":1,"qSortByNumeric":1,"qSortByAscii":1,"qSortByLoadOrder":1,"qExpression":{}}],"qNumberPresentations":[],"qActiveField":0,"autoSort":true,"cId":"TAJjvP","title":"Department"},"qFrequencyMode":"N","qShowAlternatives":true,"qInitialDataFetch":[],"qExpressions":[],"qOtherTotalSpec":{}},"showTitles":true,"title":"Department","subtitle":"","footnote":"","visualization":"listbox"},"qChildren":[]},{"qProperty":{"qInfo":{"qId":"ba2f8e2e-cc57-479a-a6ff-0b11aaa54a98","qType":"listbox"},"qMetaDef":{},"qListObjectDef":{"qDef":{"qGrouping":"N","qFieldDefs":["Case Is Closed"],"qFieldLabels":[""],"qSortCriterias":[{"qSortByState":1,"qSortByNumeric":1,"qSortByAscii":1,"qSortByLoadOrder":1,"qExpression":{}}],"qNumberPresentations":[],"qActiveField":0,"autoSort":true,"cId":"PfpjQN"},"qFrequencyMode":"N","qShowAlternatives":true,"qInitialDataFetch":[],"qExpressions":[],"qOtherTotalSpec":{}},"showTitles":true,"title":"Case Is Closed","subtitle":"","footnote":"","visualization":"listbox"},"qChildren":[]}]},{"qProperty":{"qInfo":{"qId":"fANJ","qType":"masterobject"},"qMetaDef":{"title":"HP Cases","description":"","tags":["KPI"]},"metadata":{"name":"","description":"","tags":[]},"showTitles":false,"title":"","subtitle":"","footnote":"","showMeasureTitle":true,"textAlign":"center","fontSize":"M","useLink":false,"visualization":"kpi","qHyperCubeDef":{"qDimensions":[],"qMeasures":[{"qDef":{"qLabel":"High Priority Cases","qTags":[],"qGrouping":"N","qDef":"Count( {$<Priority={'High'}, Status -={'Closed'} >} Distinct %CaseId )","qNumFormat":{"qType":"F","qnDec":2,"qUseThou":0,"qFmt":"#,##0","qDec":".","qThou":","},"qAccumulate":0,"qActiveExpression":0,"qExpressions":[],"autoSort":true,"cId":"CBEFsF","numFormatFromTemplate":true,"conditionalColoring":{"useConditionalColoring":false,"singleColor":7,"segments":{"limits":[],"colors":[{"color":3}]}},"measureAxis":{"min":0,"max":100}},"qSortBy":{"qSortByNumeric":-1,"qSortByLoadOrder":1,"qExpression":{}},"qAttributeExpressions":[],"qAttributeDimensions":[],"qCalcCond":{}}],"qInterColumnSortOrder":[0],"qSuppressMissing":true,"qInitialDataFetch":[{"qLeft":0,"qTop":0,"qWidth":500,"qHeight":10}],"qReductionMode":"N","qMode":"S","qPseudoDimPos":-1,"qNoOfLeftDims":-1,"qMaxStackedCells":5000,"qCalcCond":{},"qLayoutExclude":{"qHyperCubeDef":{"qDimensions":[],"qMeasures":[],"qInterColumnSortOrder":[],"qInitialDataFetch":[],"qReductionMode":"N","qMode":"S","qPseudoDimPos":-1,"qNoOfLeftDims":-1,"qMaxStackedCells":5000,"qCalcCond":{}}}},"sheetLink":"","masterVersion":0.96},"qChildren":[]},{"qProperty":{"qInfo":{"qId":"yRzSA","qType":"masterobject"},"qMetaDef":{"title":"MP Cases","description":"","tags":["KPI"]},"metadata":{"name":"","description":"","tags":[]},"showTitles":false,"title":"","subtitle":"","footnote":"","showMeasureTitle":true,"textAlign":"center","fontSize":"M","useLink":false,"visualization":"kpi","qHyperCubeDef":{"qDimensions":[],"qMeasures":[{"qDef":{"qLabel":"Medium Priority Cases","qTags":[],"qGrouping":"N","qDef":"Count( {$<Priority={'Medium'}, Status -={'Closed'} >} Distinct %CaseId )","qNumFormat":{"qType":"U","qnDec":10,"qUseThou":0},"qAccumulate":0,"qActiveExpression":0,"qExpressions":[],"autoSort":true,"cId":"zBCPxQ","numFormatFromTemplate":true,"conditionalColoring":{"useConditionalColoring":false,"singleColor":8,"segments":{"limits":[],"colors":[{"color":3}]}},"measureAxis":{"min":0,"max":100}},"qSortBy":{"qSortByNumeric":-1,"qSortByLoadOrder":1,"qExpression":{}},"qAttributeExpressions":[],"qAttributeDimensions":[],"qCalcCond":{}}],"qInterColumnSortOrder":[0],"qSuppressMissing":true,"qInitialDataFetch":[{"qLeft":0,"qTop":0,"qWidth":500,"qHeight":10}],"qReductionMode":"N","qMode":"S","qPseudoDimPos":-1,"qNoOfLeftDims":-1,"qMaxStackedCells":5000,"qCalcCond":{},"qLayoutExclude":{"qHyperCubeDef":{"qDimensions":[],"qMeasures":[],"qInterColumnSortOrder":[],"qInitialDataFetch":[],"qReductionMode":"N","qMode":"S","qPseudoDimPos":-1,"qNoOfLeftDims":-1,"qMaxStackedCells":5000,"qCalcCond":{}}}},"sheetLink":"","masterVersion":0.96},"qChildren":[]},{"qProperty":{"qInfo":{"qId":"rYUPYV","qType":"masterobject"},"qMetaDef":{"title":"LP Cases","description":"","tags":["KPI"]},"metadata":{"name":"","description":"","tags":[]},"showTitles":false,"title":"","subtitle":"","footnote":"","showMeasureTitle":true,"textAlign":"center","fontSize":"M","useLink":false,"visualization":"kpi","qHyperCubeDef":{"qDimensions":[],"qMeasures":[{"qDef":{"qLabel":"Low Priority Cases","qTags":[],"qGrouping":"N","qDef":"Count( {$<Priority={'Low'}, Status -={'Closed'} >} Distinct %CaseId )","qNumFormat":{"qType":"U","qnDec":10,"qUseThou":0},"qAccumulate":0,"qActiveExpression":0,"qExpressions":[],"autoSort":true,"cId":"MeqGCPr","numFormatFromTemplate":true,"conditionalColoring":{"useConditionalColoring":false,"singleColor":9,"segments":{"limits":[],"colors":[{"color":3}]}},"measureAxis":{"min":0,"max":100}},"qSortBy":{"qSortByNumeric":-1,"qSortByLoadOrder":1,"qExpression":{}},"qAttributeExpressions":[],"qAttributeDimensions":[],"qCalcCond":{}}],"qInterColumnSortOrder":[0],"qSuppressMissing":true,"qInitialDataFetch":[{"qLeft":0,"qTop":0,"qWidth":500,"qHeight":10}],"qReductionMode":"N","qMode":"S","qPseudoDimPos":-1,"qNoOfLeftDims":-1,"qMaxStackedCells":5000,"qCalcCond":{},"qLayoutExclude":{"qHyperCubeDef":{"qDimensions":[],"qMeasures":[],"qInterColumnSortOrder":[],"qInitialDataFetch":[],"qReductionMode":"N","qMode":"S","qPseudoDimPos":-1,"qNoOfLeftDims":-1,"qMaxStackedCells":5000,"qCalcCond":{}}}},"sheetLink":"","masterVersion":0.96},"qChildren":[]}]