[{"qProperty":{"qInfo":{"qId":"RMuPdD","qType":"masterobject"},"qMetaDef":{"title":"drops","description":"","tags":[]},"qChildListDef":{"qData":{"info":"/qInfo"}},"showTitles":false,"title":"","subtitle":"","footnote":"","visualization":"filterpane","masterVersion":0.96},"qChildren":[{"qProperty":{"qInfo":{"qId":"a254fd2e-9a7a-43ce-9f43-c33bb1060c3a","qType":"listbox"},"qMetaDef":{},"qListObjectDef":{"qLibraryId":"RBBKJP","qDef":{"qGrouping":"N","qFieldDefs":["Case Owner Group"],"qFieldLabels":["Department"],"qSortCriterias":[{"qSortByState":1,"qSortByNumeric":1,"qSortByAscii":1,"qSortByLoadOrder":1,"qExpression":{}}],"qNumberPresentations":[],"qActiveField":0,"autoSort":true,"cId":"TAJjvP","title":"Department"},"qFrequencyMode":"N","qShowAlternatives":true,"qInitialDataFetch":[],"qExpressions":[],"qOtherTotalSpec":{}},"showTitles":true,"title":"Department","subtitle":"","footnote":"","visualization":"listbox"},"qChildren":[]},{"qProperty":{"qInfo":{"qId":"ba2f8e2e-cc57-479a-a6ff-0b11aaa54a98","qType":"listbox"},"qMetaDef":{},"qListObjectDef":{"qDef":{"qGrouping":"N","qFieldDefs":["Case Is Closed"],"qFieldLabels":[""],"qSortCriterias":[{"qSortByState":1,"qSortByNumeric":1,"qSortByAscii":1,"qSortByLoadOrder":1,"qExpression":{}}],"qNumberPresentations":[],"qActiveField":0,"autoSort":true,"cId":"PfpjQN"},"qFrequencyMode":"N","qShowAlternatives":true,"qInitialDataFetch":[],"qExpressions":[],"qOtherTotalSpec":{}},"showTitles":true,"title":"Case Is Closed","subtitle":"","footnote":"","visualization":"listbox"},"qChildren":[]}]}]